{"mini_boone": {"Pegasos": [1.0636627453809633, 1.0661808640281834, 1.0641943145713548, 1.0604051284146097, 1.055957490514959, 1.0555268404470066, 0.9405592142431787, 0.9460087701398203, 0.954015575160329, 0.9604030960700647, 0.9640777387030754, 0.9238552356327702, 0.928346198827368, 0.9334977110798498, 0.9127936644068253, 0.916490168305629, 0.919996461162278, 0.9063166336214387, 0.9089593651102781, 0.9114679963450723, 0.9142243459107786, 0.9172966348160959, 0.9077366833649501, 0.9087671867758897, 0.910818618228445, 0.9128474386316767, 0.9054931173812625, 0.9071289333084368, 0.9024350003997224, 0.9006640844744924, 0.9008188662900886, 0.9006859901394222, 0.9008533901385855, 0.90124267901224, 0.9005595285230398, 0.9006729323220892, 0.9009869087204871, 0.901026063087818, 0.9015832799791297, 0.9020357055454047, 0.9005410883643805, 0.9008925694800176, 0.9012716060787465, 0.9017968425336305, 0.9024205619885788, 0.9030872724095819, 0.9038222723088147, 0.9018468655895249, 0.9007649978723632, 0.900032516500122, 0.9001719632211873, 0.9003751701483081, 0.8999556930248808, 0.8999956920907913, 0.9001825353339127, 0.9000458001660213, 0.9001123428933191, 0.9003403299591853, 0.9009064385172038, 0.9005964963756421, 0.9004520726576655, 0.9002965317746618, 0.9002772632597804, 0.9003106624663997, 0.900482370270144, 0.9001876286769172, 0.9003501897966468, 0.9001187737197732, 0.9000520142305888, 0.9000986404473811, 0.9001646468907479, 0.9003350282591571, 0.9007282496907704, 0.9005009819655859, 0.9011320726353204, 0.9009029816752931, 0.9005630004095356, 0.9003367800025694, 0.900131041710213, 0.9005648491944341, 0.9003718717313242, 0.9002975463895082, 0.9002307038664902, 0.9001115722758533, 0.900097170670603, 0.9000745744556862, 0.9000435872788108, 0.9001686754812561, 0.8999459322871695, 0.8999501393112435, 0.8999948134195688, 0.8999174271617842, 0.8999258257467794, 0.8999607880977831, 0.8998832634292012, 0.8998761577575556, 0.8999023530494471, 0.8999584276932441, 0.9000581107617546, 0.90010528223814], "SGD": [0.9995725837270066, 0.9999612710600794, 0.9995171872654967, 0.9991466214495536, 0.9995289096237169, 0.9991448677825536, 0.9995644989442262, 0.9998382845842269, 1.0002496668574816, 1.0006728281437132, 1.0002425812969755, 0.9998184758607195, 1.000250620129313, 0.9998116189084308, 1.0001635096792922, 0.9997378345728385, 0.9992953978076584, 0.9988604688501539, 0.9984259239007659, 0.9979977308966188, 0.9975761826215552, 0.9971564505870143, 0.996733779838344, 0.9963200237787972, 0.995908260517018, 0.9954891679692439, 0.9950880728660662, 0.9954703193990232, 0.9950562457163762, 0.994633268792616, 0.9942161744709654, 0.9946174813413279, 0.9942163701254375, 0.9938021195672517, 0.9941571417680717, 0.9945565289982222, 0.9949464448416176, 0.9945213074884722, 0.9941176638933924, 0.9936980667642138, 0.9932891645290668, 0.9929024946499252, 0.9925329076622564, 0.9921277531494871, 0.9917219764387432, 0.9913285396058023, 0.9909171110869952, 0.9905156577444149, 0.990120699747673, 0.9904043864872738, 0.9899957357150866, 0.9895924452707953, 0.9891921557709472, 0.9888110773062222, 0.9884062829060372, 0.9887191249487044, 0.9883189644339627, 0.9887221477038937, 0.9891140598756809, 0.9887594935477008, 0.988364959203361, 0.9879755316728929, 0.9875973272082245, 0.9879785447676116, 0.9875837358321065, 0.9872248840135499, 0.9875900370287723, 0.987989968553686, 0.9876020873887663, 0.9872206296770163, 0.9868689868508588, 0.986526005469738, 0.9861259711120477, 0.9857404008488142, 0.985364810757982, 0.9857174076760727, 0.985330277127818, 0.9849633537681347, 0.9846492939814423, 0.9842781219166991, 0.9839228709194529, 0.983627835553904, 0.9832548810432277, 0.9828982822054199, 0.9825393873009676, 0.9821771337414261, 0.9818155237779865, 0.981500177510258, 0.9811459964231264, 0.981507949670986, 0.981128357689466, 0.9807671347206623, 0.9803928358004297, 0.9800340596220221, 0.9804248223464568, 0.9800979828608992, 0.9802303055627296, 0.9798577105097174, 0.9794977280244263, 0.9791488276152883], "SCS": [1.0000000000010576, 0.9301889733939153, 0.9301889733939153, 0.9301889733939153, 0.9301889733939153, 0.9301889733939153, 0.9301889733939153, 0.9301889733939153, 0.9301889733939153, 0.9301889733939153, 0.9301889733939153, 0.9301889733939153, 0.9301889733939153, 0.9301889733939153, 0.9301889733939153, 0.9301889733939153, 0.9301889733939153, 0.9301889733939153, 0.9301889733939153, 0.9301889733939153, 0.9301889733939153, 0.9301889733939153, 0.9301889733939153, 0.9301889733939153, 0.9301889733939153, 0.9301889733939153, 0.9301889733939153, 0.9301889733939153, 0.9301889733939153, 0.9301889733939153, 0.9301889733939153, 0.9301889733939153, 0.9301889733939153, 0.9301889733939153, 0.9301889733939153, 0.9301889733939153, 0.9301889733939153, 0.9301889733939153, 0.9301889733939153, 0.9301889733939153, 0.9301889733939153, 0.9301889733939153, 0.9301889733939153, 0.9301889733939153, 0.9301889733939153, 0.9301889733939153, 0.9301889733939153, 0.9301889733939153, 0.9301889733939153, 0.9301889733939153, 0.9301889733939153, 0.9301889733939153, 0.9301889733939153, 0.9301889733939153, 0.9301889733939153, 0.9301889733939153, 0.9301889733939153, 0.9301889733939153, 0.9301889733939153, 0.9301889733939153, 0.9301889733939153, 0.9301889733939153, 0.9301889733939153, 0.9301889733939153, 0.9301889733939153, 0.9301889733939153, 0.9301889733939153, 0.9301889733939153, 0.9301889733939153, 0.9301889733939153, 0.9301889733939153, 0.9301889733939153, 0.9301889733939153, 0.9301889733939153, 0.9301889733939153, 0.9301889733939153, 0.9301889733939153, 0.9301889733939153, 0.9301889733939153, 0.9301889733939153, 0.9301889733939153, 0.9301889733939153, 0.9301889733939153, 0.9301889733939153, 0.9301889733939153, 0.9301889733939153, 0.9301889733939153, 0.9301889733939153, 0.9301889733939153, 0.9301889733939153, 0.9301889733939153, 0.9301889733939153, 0.9301889733939153, 0.9301889733939153, 0.9301889733939153, 0.9301889733939153, 0.9301889733939153, 0.9301889733939153, 0.9301889733939153]}}